DTXSID;PREFERRED NAME;CASRN;INCHIKEY;IUPAC NAME;SMILES;INCHI STRING;MOLECULAR FORMULA;AVERAGE MASS;MONOISOTOPIC MASS;QC Level;# ToxCast Active;Total Assays;% ToxCast Active;Origin;Similarity to TPP [tanimoto]
DTXSID0021389;Trichlorfon;52-68-6;NFACJZMKEDPNKN-UHFFFAOYSA-N;Dimethyl (2,2,2-trichloro-1-hydroxyethyl)phosphonate;COP(=O)(OC)C(O)C(Cl)(Cl)Cl;"InChI=1/C4H8Cl3O4P/c1-10-12(9,11-2)3(8)4(5,6)7/h3,8H,1-2H3
";C4H8Cl3O4P;257.43;255.922579;1;87/701;701;12;Comptox Biosolids;
DTXSID0021414;Tris(2-ethylhexyl) phosphate;78-42-2;GTVWRXDRKAHEAD-UHFFFAOYSA-N;Tris(2-ethylhexyl) phosphate;CCCCC(CC)COP(=O)(OCC(CC)CCCC)OCC(CC)CCCC;"InChI=1/C24H51O4P/c1-7-13-16-22(10-4)19-26-29(25,27-20-23(11-5)17-14-8-2)28-21-24(12-6)18-15-9-3/h22-24H,7-21H2,1-6H3
";C24H51O4P;434.642;434.352497;1;65/628;628;10;Comptox Biosolids;
DTXSID1021403;Trimethyl orthophosphate;512-56-1;WVLBCYQITXONBZ-UHFFFAOYSA-N;Trimethyl phosphate;COP(=O)(OC)OC;"InChI=1S/C3H9O4P/c1-5-8(4,6-2)7-3/h1-3H3
";C3H9O4P;140.075;140.023846;1;16/352;352;5;Comptox Biosolids;
DTXSID1024209;Naled;300-76-5;BUYMVQAILCEWRR-UHFFFAOYSA-N;1,2-Dibromo-2,2-dichloroethyl dimethyl phosphate;COP(=O)(OC)OC(Br)C(Cl)(Cl)Br;"InChI=1/C4H7Br2Cl2O4P/c1-10-13(9,11-2)12-3(5)4(6,7)8/h3H,1-2H3
";C4H7Br2Cl2O4P;380.78;377.782577;1;218/697;697;31;Comptox Biosolids;
DTXSID1025300;2-Ethylhexyl diphenyl phosphate;1241-94-7;CGSLYBDCEGBZCG-UHFFFAOYSA-N;2-Ethylhexyl diphenyl phosphate;CCCCC(CC)COP(=O)(OC1=CC=CC=C1)OC1=CC=CC=C1;"InChI=1/C20H27O4P/c1-3-5-12-18(4-2)17-22-25(21,23-19-13-8-6-9-14-19)24-20-15-10-7-11-16-20/h6-11,13-16,18H,3-5,12,17H2,1-2H3
";C20H27O4P;362.406;362.164696;1;138/546;546;25;Comptox Biosolids;
DTXSID1027134;Bis(2-ethylhexyl) phosphate;298-07-7;SEGLCEQVOFDUPX-UHFFFAOYSA-N;Bis(2-ethylhexyl) hydrogen phosphate;CCCCC(CC)COP(O)(=O)OCC(CC)CCCC;"InChI=1/C16H35O4P/c1-5-9-11-15(7-3)13-19-21(17,18)20-14-16(8-4)12-10-6-2/h15-16H,5-14H2,1-4H3,(H,17,18)
";C16H35O4P;322.426;322.227297;1;158/471;471;34;Comptox Biosolids;
DTXSID1044699;Diethyl hydrogen phosphate;598-02-7;UCQFCFPECQILOL-UHFFFAOYSA-N;Diethyl hydrogen phosphate;CCOP(O)(=O)OCC;"InChI=1S/C4H11O4P/c1-3-7-9(5,6)8-4-2/h3-4H2,1-2H3,(H,5,6)
";C4H11O4P;154.102;154.039496;1;0/3;3;0;Comptox Biosolids;
DTXSID2032683;Mevinphos;7786-34-7;GEPDYQSQVLXLEU-UHFFFAOYSA-N;Methyl 3-[(dimethoxyphosphoryl)oxy]but-2-enoate;COC(=O)C=C(C)OP(=O)(OC)OC;"InChI=1S/C7H13O6P/c1-6(5-7(8)10-2)13-14(9,11-3)12-4/h5H,1-4H3
";C7H13O6P;224.149;224.044975;1;22/642;642;3;Comptox Biosolids;
DTXSID30212316;Diisobutyl hydrogen phosphate;6303-30-6;PVQVJLCMPNEFPM-UHFFFAOYSA-N;Bis(2-methylpropyl) hydrogen phosphate;CC(C)COP(O)(=O)OCC(C)C;"InChI=1S/C8H19O4P/c1-7(2)5-11-13(9,10)12-6-8(3)4/h7-8H,5-6H2,1-4H3,(H,9,10)
";C8H19O4P;210.21;210.102096;1; ;;;Comptox Biosolids;
DTXSID3021986;Tributyl phosphate;126-73-8;STCOOQWBFONSKY-UHFFFAOYSA-N;Tributyl phosphate;CCCCOP(=O)(OCCCC)OCCCC;"InChI=1S/C12H27O4P/c1-4-7-10-14-17(13,15-11-8-5-2)16-12-9-6-3/h4-12H2,1-3H3
";C12H27O4P;266.318;266.164696;1;68/705;705;10;Comptox Biosolids;
DTXSID3024861;Cresyl diphenyl phosphate;26444-49-5;;;C*.O=P(OC1=CC=CC=C1)(OC1=CC=CC=C1)OC1=CC=CC=C1 |c:6,8,14,16,22,24,t:4,12,20,lp:2:2,4:2,11:2,18:2,m:1:6.7.8|;;;; ;1;108/433;433;25;Comptox Biosolids;
DTXSID3025465;Isodecyl diphenyl phosphate;29761-21-5;;;C*.CCCCCCCCCOP(=O)(OC1=CC=CC=C1)OC1=CC=CC=C1 |c:16,18,24,26,t:14,22,lp:11:2,13:2,14:2,21:2,m:1:10.9.8.7.6.5.4.3|;;;; ;1;130/469;469;28;Comptox Biosolids;
DTXSID3040728;Phosphoric acid, dibutyl ester;107-66-4;JYFHYPJRHGVZDY-UHFFFAOYSA-N;Dibutyl hydrogen phosphate;CCCCOP(O)(=O)OCCCC;"InChI=1S/C8H19O4P/c1-3-5-7-11-13(9,10)12-8-6-4-2/h3-8H2,1-2H3,(H,9,10)
";C8H19O4P;210.21;210.102096;1;2/321;321;1;Comptox Biosolids;
DTXSID3065740;Bis(2-butoxyethyl) phosphate;14260-97-0;NNXWIPHZHATIFE-UHFFFAOYSA-N;Bis(2-butoxyethyl) hydrogen phosphate;CCCCOCCOP(O)(=O)OCCOCCCC;"InChI=1S/C12H27O6P/c1-3-5-7-15-9-11-17-19(13,14)18-12-10-16-8-6-4-2/h3-12H2,1-2H3,(H,13,14)
";C12H27O6P;298.316;298.154526;1;0/16;16;0;Comptox Biosolids;
DTXSID30992969;Bis(1,3-dichloro-2-propyl) phosphate;72236-72-7;NNKRUBFJSSBFSS-UHFFFAOYSA-N;Bis(1,3-dichloropropan-2-yl) hydrogen phosphate;OP(=O)(OC(CCl)CCl)OC(CCl)CCl;"InChI=1S/C6H11Cl4O4P/c7-1-5(2-8)13-15(11,12)14-6(3-9)4-10/h5-6H,1-4H2,(H,11,12)
";C6H11Cl4O4P;319.92;317.914907;1; ;;;Comptox Biosolids;
DTXSID4021391;Tris(methylphenyl) phosphate;1330-78-5;;;CC1=CC=C(C=C1)OP(=O)(OC2=CC=C(C=C2)C)OC3=CC=C(C=C3)C.CC1=CC(=CC=C1)OP(=O)(OC2=CC=CC(=C2)C)OC3=CC=CC(=C3)C.CC1=CC=CC=C1OP(=O)(OC2=CC=CC=C2C)OC3=CC=CC=C3C;;C21H21O4P;368.369;368.117746;1;94/545;545;17;Comptox Biosolids;
DTXSID4052712;Tripropyl phosphate;513-08-6;RXPQRKFMDQNODS-UHFFFAOYSA-N;Tripropyl phosphate;CCCOP(=O)(OCCC)OCCC;"InChI=1S/C9H21O4P/c1-4-7-11-14(10,12-8-5-2)13-9-6-3/h4-9H2,1-3H3
";C9H21O4P;224.237;224.117746;1; ;;;Comptox Biosolids;
DTXSID50184485;Bis(2-chloroethyl) phosphate;3040-56-0;PMGHIGLOERPWGC-UHFFFAOYSA-M;Bis(2-chloroethyl) hydrogen phosphate;[O-]P(=O)(OCCCl)OCCCl;"InChI=1S/C4H9Cl2O4P/c5-1-3-9-11(7,8)10-4-2-6/h1-4H2,(H,7,8)/p-1
";C4H8Cl2O4P;221.98;220.954275;1; ;;;Comptox Biosolids;
DTXSID5021411;Tris(2-chloroethyl) phosphate;115-96-8;HQUQLFOMPYWACS-UHFFFAOYSA-N;Tris(2-chloroethyl) phosphate;ClCCOP(=O)(OCCCl)OCCCl;"InChI=1S/C6H12Cl3O4P/c7-1-4-11-14(10,12-5-2-8)13-6-3-9/h1-6H2
";C6H12Cl3O4P;285.48;283.953879;1;10/660;660;2;Comptox Biosolids;
DTXSID5026259;Tris(2-chloroisopropyl)phosphate;13674-84-5;KVMPUXDNESXNOH-UHFFFAOYSA-N;Tris(1-chloropropan-2-yl) phosphate;CC(CCl)OP(=O)(OC(C)CCl)OC(C)CCl;"InChI=1/C9H18Cl3O4P/c1-7(4-10)14-17(13,15-8(2)5-11)16-9(3)6-12/h7-9H,4-6H2,1-3H3
";C9H18Cl3O4P;327.56;326.000829;1;20/513;513;4;Comptox Biosolids;
DTXSID6024701;tert-Butylphenyl diphenyl phosphate;56803-37-3;;;CC(C)(C)*.O=P(OC1=CC=CC=C1)(OC1=CC=CC=C1)OC1=CC=CC=C1 |c:9,11,17,19,25,27,t:7,15,23,lp:5:2,7:2,14:2,21:2,m:4:11.12.13|;;;; ;1;154/500;500;31;Comptox Biosolids;
DTXSID6032192;Tri-o-cresyl phosphate;78-30-8;YSMRWXYRXBRSND-UHFFFAOYSA-N;Tris(2-methylphenyl) phosphate;CC1=C(OP(=O)(OC2=C(C)C=CC=C2)OC2=C(C)C=CC=C2)C=CC=C1;"InChI=1S/C21H21O4P/c1-16-10-4-7-13-19(16)23-26(22,24-20-14-8-5-11-17(20)2)25-21-15-9-6-12-18(21)3/h4-15H,1-3H3
";C21H21O4P;368.369;368.117746;1;194/524;524;37;Comptox Biosolids;
DTXSID70957173;Di-o-cresyl phosphate;35787-74-7;OHRCKPRYDGSBRN-UHFFFAOYSA-N;Bis(2-methylphenyl) hydrogen phosphate;CC1=CC=CC=C1OP(O)(=O)OC1=CC=CC=C1C;"InChI=1S/C14H15O4P/c1-11-7-3-5-9-13(11)17-19(15,16)18-14-10-6-4-8-12(14)2/h3-10H,1-2H3,(H,15,16)
";C14H15O4P;278.244;278.070796;1; ;;;Comptox Biosolids;
DTXSID8026228;Triethyl phosphate;78-40-0;DQWPFSLDHJDLRL-UHFFFAOYSA-N;Triethyl phosphate;CCOP(=O)(OCC)OCC;"InChI=1S/C6H15O4P/c1-4-8-11(7,9-5-2)10-6-3/h4-6H2,1-3H3
";C6H15O4P;182.156;182.070796;1;6/345;345;2;Comptox Biosolids;
DTXSID8028000;Phosgard 2XC20;38051-10-4;ZGHUDSLVQAGWEY-UHFFFAOYSA-N;2,2-Bis(chloromethyl)propane-1,3-diyl tetrakis(2-chloroethyl) bis(phosphate);ClCCOP(=O)(OCCCl)OCC(CCl)(CCl)COP(=O)(OCCCl)OCCCl;"InChI=1S/C13H24Cl6O8P2/c14-1-5-22-28(20,23-6-2-15)26-11-13(9-18,10-19)12-27-29(21,24-7-3-16)25-8-4-17/h1-12H2
";C13H24Cl6O8P2;582.97;579.907758;1; ;;;Comptox Biosolids;
DTXSID8040698;Triisobutyl phosphate;126-71-6;HRKAMJBPFPHCSD-UHFFFAOYSA-N;Tris(2-methylpropyl) phosphate;CC(C)COP(=O)(OCC(C)C)OCC(C)C;"InChI=1S/C12H27O4P/c1-10(2)7-14-17(13,15-8-11(3)4)16-9-12(5)6/h10-12H,7-9H2,1-6H3
";C12H27O4P;266.318;266.164696;1;15/428;428;4;Comptox Biosolids;
DTXSID80883752;Phosphoric acid, dipropyl ester;1804-93-9;QVKQJEWZVQFGIY-UHFFFAOYSA-N;Dipropyl hydrogen phosphate;CCCOP(O)(=O)OCCC;"InChI=1S/C6H15O4P/c1-3-5-9-11(7,8)10-6-4-2/h3-6H2,1-2H3,(H,7,8)
";C6H15O4P;182.156;182.070796;2; ;;;Comptox Biosolids;
DTXSID9026261;Tris(1,3-dichloro-2-propyl) phosphate;13674-87-8;ASLWPAWFJZFCKF-UHFFFAOYSA-N;Tris(1,3-dichloropropan-2-yl) phosphate;ClCC(CCl)OP(=O)(OC(CCl)CCl)OC(CCl)CCl;"InChI=1S/C9H15Cl6O4P/c10-1-7(2-11)17-20(16,18-8(3-12)4-13)19-9(5-14)6-15/h7-9H,1-6H2
";C9H15Cl6O4P;430.89;427.883912;1;226/779;779;29;Comptox Biosolids;
DTXSID90274172;Bis(1-Chloropropan-2-yl) hydrogen phosphate;789440-10-4;ORAAZVDXWSKZHK-UHFFFAOYSA-M;Bis(1-chloropropan-2-yl) hydrogen phosphate;CC(CCl)OP([O-])(=O)OC(C)CCl;"InChI=1/C6H13Cl2O4P/c1-5(3-7)11-13(9,10)12-6(2)4-8/h5-6H,3-4H2,1-2H3,(H,9,10)/p-1
";C6H12Cl2O4P;250.03;248.985575;1; ;;;Comptox Biosolids;
DTXSID6032192;Tri-o-cresyl phosphate;78-30-8;YSMRWXYRXBRSND-UHFFFAOYSA-N;Tris(2-methylphenyl) phosphate;CC1=C(OP(=O)(OC2=C(C)C=CC=C2)OC2=C(C)C=CC=C2)C=CC=C1;"InChI=1S/C21H21O4P/c1-16-10-4-7-13-19(16)23-26(22,24-20-14-8-5-11-17(20)2)25-21-15-9-6-12-18(21)3/h4-15H,1-3H3
";C21H21O4P;368.369;368.117746;1;194/524;524;37;Comptox similarity search to TPP;0.780487776
DTXSID1025300;2-Ethylhexyl diphenyl phosphate;1241-94-7;CGSLYBDCEGBZCG-UHFFFAOYSA-N;2-Ethylhexyl diphenyl phosphate;CCCCC(CC)COP(=O)(OC1=CC=CC=C1)OC1=CC=CC=C1;"InChI=1/C20H27O4P/c1-3-5-12-18(4-2)17-22-25(21,23-19-13-8-6-9-14-19)24-20-15-10-7-11-16-20/h6-11,13-16,18H,3-5,12,17H2,1-2H3
";C20H27O4P;362.406;362.164696;1;138/546;546;25;Comptox similarity search to TPP;0.727272749
DTXSID4026216;Phosphoric acid, tris(3-methylphenyl) ester;563-04-2;RMLPZKRPSQVRAB-UHFFFAOYSA-N;Tris(3-methylphenyl) phosphate;CC1=CC=CC(OP(=O)(OC2=CC(C)=CC=C2)OC2=CC(C)=CC=C2)=C1;"InChI=1S/C21H21O4P/c1-16-7-4-10-19(13-16)23-26(22,24-20-11-5-8-17(2)14-20)25-21-12-6-9-18(3)15-21/h4-15H,1-3H3
";C21H21O4P;368.369;368.117746;1;28/306;306;9;Comptox similarity search to TPP;0.842105269
DTXSID5037571;Methylparaoxon;950-35-6;BAFQDKPJKOLXFZ-UHFFFAOYSA-N;Dimethyl 4-nitrophenyl phosphate;COP(=O)(OC)OC1=CC=C(C=C1)[N+]([O-])=O;"InChI=1S/C8H10NO6P/c1-13-16(12,14-2)15-8-5-3-7(4-6-8)9(10)11/h3-6H,1-2H3
";C8H10NO6P;247.143;247.024574;1;24/239;239;10;Comptox similarity search to TPP;0.639999986
DTXSID7041889;Diphenyl phosphite;4712-55-4;OGBPILLJZSJJRC-UHFFFAOYSA-N;Diphenyl phosphonate;O=P(OC1=CC=CC=C1)OC1=CC=CC=C1;"InChI=1S/C12H11O3P/c13-16(14-11-7-3-1-4-8-11)15-12-9-5-2-6-10-12/h1-10,16H
";C12H11O3P;234.191;234.044581;1;21/385;385;5;Comptox similarity search to TPP;0.90625
DTXSID0026252;Triphenyl phosphite;101-02-0;HVLLSGMXQDNUAL-UHFFFAOYSA-N;Triphenyl phosphite;O(P(OC1=CC=CC=C1)OC1=CC=CC=C1)C1=CC=CC=C1;"InChI=1S/C18H15O3P/c1-4-10-16(11-5-1)19-22(20-17-12-6-2-7-13-17)21-18-14-8-3-9-15-18/h1-15H
";C18H15O3P;310.289;310.075881;1;12/620;620;2;Comptox similarity search to TPP;0.78125
DTXSID2044892;Diphenyl phosphorochloridate;2524-64-3;BHIIGRBMZRSDRI-UHFFFAOYSA-N;Diphenyl phosphorochloridate;ClP(=O)(OC1=CC=CC=C1)OC1=CC=CC=C1;"InChI=1S/C12H10ClO3P/c13-17(14,15-11-7-3-1-4-8-11)16-12-9-5-2-6-10-12/h1-10H
";C12H10ClO3P;268.63;268.005609;1;1/316;316;0;Comptox similarity search to TPP;0.674418628
DTXSID20143746;Phosphoric acid, dimethyl phenyl ester;10113-28-7;XTBBZRRBOAVBRA-UHFFFAOYSA-N;Dimethyl phenyl phosphate;COP(=O)(OC)OC1=CC=CC=C1;"InChI=1S/C8H11O4P/c1-10-13(9,11-2)12-8-6-4-3-5-7-8/h3-7H,1-2H3
";C8H11O4P;202.146;202.039496;4; ;;;Comptox similarity search to TPP;1
DTXSID7059432;Phosphoric acid, methyl diphenyl ester;115-89-9;VOWPVJACXJNHBC-UHFFFAOYSA-N;Methyl diphenyl phosphate;COP(=O)(OC1=CC=CC=C1)OC1=CC=CC=C1;"InChI=1S/C13H13O4P/c1-15-18(14,16-12-8-4-2-5-9-12)17-13-10-6-3-7-11-13/h2-11H,1H3
";C13H13O4P;264.217;264.055146;; ;;;Comptox similarity search to TPP;1
DTXSID00613311;4-Hydroxyphenyl phenyl hydrogen phosphate;114527-61-6;TUBVQVOADJADLU-UHFFFAOYSA-N;4-Hydroxyphenyl phenyl hydrogen phosphate;OC1=CC=C(OP(O)(=O)OC2=CC=CC=C2)C=C1;"InChI=1/C12H11O5P/c13-10-6-8-12(9-7-10)17-18(14,15)16-11-4-2-1-3-5-11/h1-9,13H,(H,14,15)
";C12H11O5P;266.189;266.034410;1; ;;;Comptox similarity search to TPP;1
DTXSID601044382;4-Hydroxyphenyl diphenyl phosphate;56806-74-7;NOPNBQOZUKISRP-UHFFFAOYSA-N;;OC1=CC=C(OP(=O)(OC2=CC=CC=C2)OC2=CC=CC=C2)C=C1;"InChI=1S/C18H15O5P/c19-15-11-13-18(14-12-15)23-24(20,21-16-7-3-1-4-8-16)22-17-9-5-2-6-10-17/h1-14,19H
";C18H15O5P;342.287;342.065711;1; ;;;Comptox similarity search to TPP;1
DTXSID60792898;3-Hydroxyphenyl phenyl phosphate;66003-88-1;JABIRUGAQKUZKJ-UHFFFAOYSA-M;3-Hydroxyphenyl phenyl phosphate;OC1=CC(OP([O-])(=O)OC2=CC=CC=C2)=CC=C1;"InChI=1S/C12H11O5P/c13-10-5-4-8-12(9-10)17-18(14,15)16-11-6-2-1-3-7-11/h1-9,13H,(H,14,15)/p-1
";C12H10O5P;265.181;265.027134;5; ;;;Comptox similarity search to TPP;0.969696999
DTXSID501044565;3-Hydroxyphenyl diphenyl phosphate;105937-68-6;AWYVETCHVQGXMB-UHFFFAOYSA-N;;OC1=CC(OP(=O)(OC2=CC=CC=C2)OC2=CC=CC=C2)=CC=C1;"InChI=1S/C18H15O5P/c19-15-8-7-13-18(14-15)23-24(20,21-16-9-3-1-4-10-16)22-17-11-5-2-6-12-17/h1-14,19H
";C18H15O5P;342.287;342.065711;1; ;;;Comptox similarity search to TPP;0.969696999
DTXSID40741263;Bis(3-hydroxyphenyl) phenyl phosphate;125437-37-8;RFRAYQHAUIAUFR-UHFFFAOYSA-N;Bis(3-hydroxyphenyl) phenyl phosphate;OC1=CC(OP(=O)(OC2=CC=CC=C2)OC2=CC=CC(O)=C2)=CC=C1;"InChI=1S/C18H15O6P/c19-14-6-4-10-17(12-14)23-25(21,22-16-8-2-1-3-9-16)24-18-11-5-7-15(20)13-18/h1-13,19-20H
";C18H15O6P;358.286;358.060625;5; ;;;Comptox similarity search to TPP;0.969696999
DTXSID80240745;Tris(m-hydroxyphenyl) phosphate;94135-13-4;GGYSSENSJNGXLU-UHFFFAOYSA-N;Tris(3-hydroxyphenyl) phosphate;OC1=CC(OP(=O)(OC2=CC=CC(O)=C2)OC2=CC=CC(O)=C2)=CC=C1;"InChI=1S/C18H15O7P/c19-13-4-1-7-16(10-13)23-26(22,24-17-8-2-5-14(20)11-17)25-18-9-3-6-15(21)12-18/h1-12,19-21H
";C18H15O7P;374.285;374.055540;; ;;;Comptox similarity search to TPP;0.969696999
DTXSID901034073;Dinaphthalen-2-yl hydrogen phosphate;4795-32-8;RGSIBPFKTCKFMR-UHFFFAOYSA-N;;OP(=O)(OC1=CC2=C(C=CC=C2)C=C1)OC1=CC2=C(C=CC=C2)C=C1;"InChI=1S/C20H15O4P/c21-25(22,23-19-11-9-15-5-1-3-7-17(15)13-19)24-20-12-10-16-6-2-4-8-18(16)14-20/h1-14H,(H,21,22)
";C20H15O4P;350.31;350.070796;2; ;;;Comptox similarity search to TPP;0.941176474
DTXSID90603367;Naphthalen-2-yl diphenyl phosphate;18872-49-6;JSJUBNHZCFKUKY-UHFFFAOYSA-N;Naphthalen-2-yl diphenyl phosphate;O=P(OC1=CC=CC=C1)(OC1=CC=CC=C1)OC1=CC2=CC=CC=C2C=C1;"InChI=1S/C22H17O4P/c23-27(24-20-11-3-1-4-12-20,25-21-13-5-2-6-14-21)26-22-16-15-18-9-7-8-10-19(18)17-22/h1-17H
";C22H17O4P;376.348;376.086446;5; ;;;Comptox similarity search to TPP;0.941176474
DTXSID401244996;Phosphoric acid, di-2-naphthalenyl phenyl ester;18872-50-9;UDTNMDMYVIAQAH-UHFFFAOYSA-N;Dinaphthalen-2-yl phenyl phosphate;O=P(OC1=CC=CC=C1)(OC1=CC=C2C=CC=CC2=C1)OC1=CC=C2C=CC=CC2=C1;"InChI=1S/C26H19O4P/c27-31(28-24-12-2-1-3-13-24,29-25-16-14-20-8-4-6-10-22(20)18-25)30-26-17-15-21-9-5-7-11-23(21)19-26/h1-19H
";C26H19O4P;426.408;426.102096;; ;;;Comptox similarity search to TPP;0.941176474
DTXSID20238045;Polyphloroglucinol phosphate;9014-68-0;CBOVPRLPVFGQHP-UHFFFAOYSA-N;3,5-Dihydroxyphenyl dihydrogen phosphate;OC1=CC(OP(O)(O)=O)=CC(O)=C1;"InChI=1S/C6H7O6P/c7-4-1-5(8)3-6(2-4)12-13(9,10)11/h1-3,7-8H,(H2,9,10,11)
";C6H7O6P;206.09;205.998025;4; ;;;Comptox similarity search to TPP;0.939393938
DTXSID401297145;4-Methoxyphenyl diphenyl phosphate;187164-32-5;GPQDNTZNGOIWPG-UHFFFAOYSA-N;4-Methoxyphenyl diphenyl phosphate;COC1=CC=C(OP(=O)(OC2=CC=CC=C2)OC2=CC=CC=C2)C=C1;"InChI=1S/C19H17O5P/c1-21-16-12-14-19(15-13-16)24-25(20,22-17-8-4-2-5-9-17)23-18-10-6-3-7-11-18/h2-15H,1H3
";C19H17O5P;356.314;356.081361;; ;;;Comptox similarity search to TPP;0.914285719
DTXSID60180352;Phosphoric acid, 1-naphthalenyl diphenyl ester;25653-19-4;FVZFCHKRLYMSEQ-UHFFFAOYSA-N;Naphthalen-1-yl diphenyl phosphate;O=P(OC1=CC=CC=C1)(OC1=CC=CC=C1)OC1=CC=CC2=CC=CC=C12;"InChI=1S/C22H17O4P/c23-27(24-19-12-3-1-4-13-19,25-20-14-5-2-6-15-20)26-22-17-9-11-18-10-7-8-16-21(18)22/h1-17H
";C22H17O4P;376.348;376.086446;4; ;;;Comptox similarity search to TPP;0.914285719
DTXSID60960499;Trinaphthalen-1-yl phosphate;4004-51-7;DBPYGJOORSXBMI-UHFFFAOYSA-N;Trinaphthalen-1-yl phosphate;O=P(OC1=CC=CC2=CC=CC=C12)(OC1=CC=CC2=CC=CC=C12)OC1=CC=CC2=CC=CC=C12;"InChI=1S/C30H21O4P/c31-35(32-28-19-7-13-22-10-1-4-16-25(22)28,33-29-20-8-14-23-11-2-5-17-26(23)29)34-30-21-9-15-24-12-3-6-18-27(24)30/h1-21H
";C30H21O4P;476.468;476.117746;5; ;;;Comptox similarity search to TPP;0.914285719
DTXSID20720773;Bis(4-hydroxyphenoxy)(oxo)phosphanium;257613-21-1;YNMHFEPQQXDMEG-UHFFFAOYSA-O;Bis(4-hydroxyphenoxy)(oxo)phosphanium;OC1=CC=C(O[P+](=O)OC2=CC=C(O)C=C2)C=C1;"InChI=1S/C12H9O5P/c13-9-1-5-11(6-2-9)16-18(15)17-12-7-3-10(14)4-8-12/h1-8H,(H-,13,14)/p+1
";C12H10O5P;265.18;265.026037;5; ;;;Comptox similarity search to TPP;0.90625
DTXSID00622584;Diethenyl phenyl phosphate;67360-52-5;HVZZOPZLPHALDI-UHFFFAOYSA-N;Diethenyl phenyl phosphate;C=COP(=O)(OC=C)OC1=CC=CC=C1;"InChI=1S/C10H11O4P/c1-3-12-15(11,13-4-2)14-10-8-6-5-7-9-10/h3-9H,1-2H2
";C10H11O4P;226.168;226.039496;5; ;;;Comptox similarity search to TPP;0.888888896
DTXSID40707768;3-Methoxyphenyl dimethyl phosphate;62367-33-3;IQWAJQBZUGANSS-UHFFFAOYSA-N;3-Methoxyphenyl dimethyl phosphate;COC1=CC(OP(=O)(OC)OC)=CC=C1;"InChI=1S/C9H13O5P/c1-11-8-5-4-6-9(7-8)14-15(10,12-2)13-3/h4-7H,1-3H3
";C9H13O5P;232.172;232.050061;5; ;;;Comptox similarity search to TPP;0.888888896
DTXSID50468575;DIPHENYL VINYL PHOSPHATE;33552-07-7;RJYNTEFVOZNXEM-UHFFFAOYSA-N;Ethenyl diphenyl phosphate;C=COP(=O)(OC1=CC=CC=C1)OC1=CC=CC=C1;"InChI=1S/C14H13O4P/c1-2-16-19(15,17-13-9-5-3-6-10-13)18-14-11-7-4-8-12-14/h2-12H,1H2
";C14H13O4P;276.228;276.055146;5; ;;;Comptox similarity search to TPP;0.888888896
DTXSID60179786;Phosphoric acid, diethyl phenyl ester (8CI)(9CI);2510-86-3;DHTQKXHLXVUBCF-UHFFFAOYSA-N;Diethyl phenyl phosphate;CCOP(=O)(OCC)OC1=CC=CC=C1;"InChI=1S/C10H15O4P/c1-3-12-15(11,13-4-2)14-10-8-6-5-7-9-10/h5-9H,3-4H2,1-2H3
";C10H15O4P;230.2;230.070796;; ;;;Comptox similarity search to TPP;0.864864886
DTXSID50500323;Ethyl diphenyl phosphate;841-46-3;JSPBAVGTJNAVBJ-UHFFFAOYSA-N;Ethyl diphenyl phosphate;CCOP(=O)(OC1=CC=CC=C1)OC1=CC=CC=C1;"InChI=1S/C14H15O4P/c1-2-16-19(15,17-13-9-5-3-6-10-13)18-14-11-7-4-8-12-14/h3-12H,2H2,1H3
";C14H15O4P;278.244;278.070796;5; ;;;Comptox similarity search to TPP;0.864864886
DTXSID70233262;Phosphoric acid, bis(4-methylphenyl) ester;843-24-3;PLUDEAUQZKPAIN-UHFFFAOYSA-N;Bis(4-methylphenyl) hydrogen phosphate;CC1=CC=C(OP(O)(=O)OC2=CC=C(C)C=C2)C=C1;"InChI=1S/C14H15O4P/c1-11-3-7-13(8-4-11)17-19(15,16)18-14-9-5-12(2)6-10-14/h3-10H,1-2H3,(H,15,16)
";C14H15O4P;278.244;278.070796;4; ;;;Comptox similarity search to TPP;0.864864886
DTXSID70274039;Diphenyl 4-tolyl phosphate;78-31-9;OJUZRFGUKHQNJX-UHFFFAOYSA-N;4-Methylphenyl diphenyl phosphate;CC1=CC=C(OP(=O)(OC2=CC=CC=C2)OC2=CC=CC=C2)C=C1;"InChI=1S/C19H17O4P/c1-16-12-14-19(15-13-16)23-24(20,21-17-8-4-2-5-9-17)22-18-10-6-3-7-11-18/h2-15H,1H3
";C19H17O4P;340.315;340.086446;1; ;;;Comptox similarity search to TPP;0.864864886
DTXSID10188464;Phenyl di(p-tolyl) phosphate;34909-69-8;NVMHZSCMWYZDCC-UHFFFAOYSA-N;Bis(4-methylphenyl) phenyl phosphate;CC1=CC=C(OP(=O)(OC2=CC=CC=C2)OC2=CC=C(C)C=C2)C=C1;"InChI=1S/C20H19O4P/c1-16-8-12-19(13-9-16)23-25(21,22-18-6-4-3-5-7-18)24-20-14-10-17(2)11-15-20/h3-15H,1-2H3
";C20H19O4P;354.342;354.102096;; ;;;Comptox similarity search to TPP;0.864864886
DTXSID5052676;Tris(4-methylphenyl) phosphate;78-32-0;BOSMZFBHAYFUBJ-UHFFFAOYSA-N;Tris(4-methylphenyl) phosphate;CC1=CC=C(OP(=O)(OC2=CC=C(C)C=C2)OC2=CC=C(C)C=C2)C=C1;"InChI=1S/C21H21O4P/c1-16-4-10-19(11-5-16)23-26(22,24-20-12-6-17(2)7-13-20)25-21-14-8-18(3)9-15-21/h4-15H,1-3H3
";C21H21O4P;368.369;368.117746;1; ;;;Comptox similarity search to TPP;0.864864886
DTXSID10335577;Dimethyl 3-methylphenyl phosphate;6161-79-1;BQGIVCKQWCUOME-UHFFFAOYSA-N;Dimethyl 3-methylphenyl phosphate;COP(=O)(OC)OC1=CC=CC(C)=C1;"InChI=1S/C9H13O4P/c1-8-5-4-6-9(7-8)13-14(10,11-2)12-3/h4-7H,1-3H3
";C9H13O4P;216.173;216.055146;5; ;;;Comptox similarity search to TPP;0.842105269
DTXSID20959223;Phenyl dipropyl phosphate;38299-59-1;VUTSVIHQBJIUOS-UHFFFAOYSA-N;Phenyl dipropyl phosphate;CCCOP(=O)(OCCC)OC1=CC=CC=C1;"InChI=1S/C12H19O4P/c1-3-10-14-17(13,15-11-4-2)16-12-8-6-5-7-9-12/h5-9H,3-4,10-11H2,1-2H3
";C12H19O4P;258.254;258.102096;5; ;;;Comptox similarity search to TPP;0.842105269
DTXSID20660908;amino diphenyl phosphate;88088-31-7;UINZSQJVKLWNOU-UHFFFAOYSA-N;;NOP(=O)(OC1=CC=CC=C1)OC1=CC=CC=C1;"InChI=1S/C12H12NO4P/c13-17-18(14,15-11-7-3-1-4-8-11)16-12-9-5-2-6-10-12/h1-10H,13H2
";C12H12NO4P;265.205;265.050395;5; ;;;Comptox similarity search to TPP;0.842105269
DTXSID50957752;Bis(3-methylphenyl) hydrogen phosphate;36400-46-1;JIHHEDIKJNYFHY-UHFFFAOYSA-N;Bis(3-methylphenyl) hydrogen phosphate;CC1=CC(OP(O)(=O)OC2=CC=CC(C)=C2)=CC=C1;"InChI=1S/C14H15O4P/c1-11-5-3-7-13(9-11)17-19(15,16)18-14-8-4-6-12(2)10-14/h3-10H,1-2H3,(H,15,16)
";C14H15O4P;278.244;278.070796;5; ;;;Comptox similarity search to TPP;0.842105269
DTXSID40744133;Methyl bis(3-methylphenyl) phosphate;62750-94-1;FUXHPPIVOXVGBB-UHFFFAOYSA-N;Methyl bis(3-methylphenyl) phosphate;COP(=O)(OC1=CC=CC(C)=C1)OC1=CC=CC(C)=C1;"InChI=1S/C15H17O4P/c1-12-6-4-8-14(10-12)18-20(16,17-3)19-15-9-5-7-13(2)11-15/h4-11H,1-3H3
";C15H17O4P;292.271;292.086446;5; ;;;Comptox similarity search to TPP;0.842105269
DTXSID90219740;Phosphoric acid, 3-methylphenyl diphenyl ester;69500-28-3;FJKVRVFGUXMMAO-UHFFFAOYSA-N;3-Methylphenyl diphenyl phosphate;CC1=CC(OP(=O)(OC2=CC=CC=C2)OC2=CC=CC=C2)=CC=C1;"InChI=1S/C19H17O4P/c1-16-9-8-14-19(15-16)23-24(20,21-17-10-4-2-5-11-17)22-18-12-6-3-7-13-18/h2-15H,1H3
";C19H17O4P;340.315;340.086446;4; ;;;Comptox similarity search to TPP;0.842105269
DTXSID00865292;Bis(3-methylphenyl) phenyl phosphate;34909-68-7;MFYUCMJLFKGADB-UHFFFAOYSA-N;Bis(3-methylphenyl) phenyl phosphate;CC1=CC(OP(=O)(OC2=CC=CC=C2)OC2=CC=CC(C)=C2)=CC=C1;"InChI=1S/C20H19O4P/c1-16-8-6-12-19(14-16)23-25(21,22-18-10-4-3-5-11-18)24-20-13-7-9-17(2)15-20/h3-15H,1-2H3
";C20H19O4P;354.342;354.102096;1; ;;;Comptox similarity search to TPP;0.842105269
DTXSID401337648;3-Methylphenyl 4-methylphenyl phenyl phosphate;222165-66-4;HKNKWANCSNZBQG-UHFFFAOYNA-N;;CC1=CC=C(OP(=O)(OC2=CC=CC=C2)OC2=CC=CC(C)=C2)C=C1;"InChI=1/C20H19O4P/c1-16-11-13-19(14-12-16)23-25(21,22-18-8-4-3-5-9-18)24-20-10-6-7-17(2)15-20/h3-15H,1-2H3
";C20H19O4P;354.342;354.102096;1; ;;;Comptox similarity search to TPP;0.842105269
DTXSID10274134;Tris(3,5-xylenyl)phosphate;25653-16-1;LLPMAOBOEQFPRE-UHFFFAOYSA-N;Tris(3,5-dimethylphenyl) phosphate;CC1=CC(OP(=O)(OC2=CC(C)=CC(C)=C2)OC2=CC(C)=CC(C)=C2)=CC(C)=C1;"InChI=1S/C24H27O4P/c1-16-7-17(2)11-22(10-16)26-29(25,27-23-12-18(3)8-19(4)13-23)28-24-14-20(5)9-21(6)15-24/h7-15H,1-6H3
";C24H27O4P;410.45;410.164696;; ;;;Comptox similarity search to TPP;0.842105269
DTXSID70536306;Bis[(naphthalen-1-yl)oxy](oxo)phosphanium;13869-18-6;KTCAGHOZOIVOQM-UHFFFAOYSA-N;Bis[(naphthalen-1-yl)oxy](oxo)phosphanium;O=[P+](OC1=CC=CC2=CC=CC=C12)OC1=CC=CC2=CC=CC=C12;"InChI=1S/C20H14O3P/c21-24(22-19-13-5-9-15-7-1-3-11-17(15)19)23-20-14-6-10-16-8-2-4-12-18(16)20/h1-14H/q+1
";C20H14O3P;333.302;333.067508;5; ;;;Comptox similarity search to TPP;0.828571439
DTXSID90963559;Phenyl propan-2-yl hydrogen phosphate;46355-07-1;WRXFONORSZHETC-UHFFFAOYSA-N;Phenyl propan-2-yl hydrogen phosphate;CC(C)OP(O)(=O)OC1=CC=CC=C1;"InChI=1/C9H13O4P/c1-8(2)12-14(10,11)13-9-6-4-3-5-7-9/h3-8H,1-2H3,(H,10,11)
";C9H13O4P;216.173;216.055146;5; ;;;Comptox similarity search to TPP;0.820512831
DTXSID50780441;2-Methoxyphenyl dimethyl phosphate;27122-74-3;GHPAKIQQBRJGDR-UHFFFAOYSA-N;2-Methoxyphenyl dimethyl phosphate;COC1=CC=CC=C1OP(=O)(OC)OC;"InChI=1S/C9H13O5P/c1-11-8-6-4-5-7-9(8)14-15(10,12-2)13-3/h4-7H,1-3H3
";C9H13O5P;232.172;232.050061;5; ;;;Comptox similarity search to TPP;0.820512831
DTXSID30335579;Dimethyl 4-chlorophenyl phosphate;18264-30-7;FKNLOMSDGFTRBO-UHFFFAOYSA-N;4-Chlorophenyl dimethyl phosphate;COP(=O)(OC)OC1=CC=C(Cl)C=C1;"InChI=1S/C8H10ClO4P/c1-11-14(10,12-2)13-8-5-3-7(9)4-6-8/h3-6H,1-2H3
";C8H10ClO4P;236.59;236.000524;5; ;;;Comptox similarity search to TPP;0.820512831
DTXSID70335578;Dimethyl 4-bromophenyl phosphate;130876-36-7;QEQBXPUBBUQQSW-UHFFFAOYSA-N;4-Bromophenyl dimethyl phosphate;COP(=O)(OC)OC1=CC=C(Br)C=C1;"InChI=1S/C8H10BrO4P/c1-11-14(10,12-2)13-8-5-3-7(9)4-6-8/h3-6H,1-2H3
";C8H10BrO4P;281.042;279.950009;5; ;;;Comptox similarity search to TPP;0.820512831
DTXSID90167858;Phosphoric acid, diethyl 2-naphthalenyl ester;16519-26-9;SIHQLNSQZGAHQX-UHFFFAOYSA-N;Diethyl naphthalen-2-yl phosphate;CCOP(=O)(OCC)OC1=CC2=CC=CC=C2C=C1;"InChI=1S/C14H17O4P/c1-3-16-19(15,17-4-2)18-14-10-9-12-7-5-6-8-13(12)11-14/h5-11H,3-4H2,1-2H3
";C14H17O4P;280.26;280.086446;4; ;;;Comptox similarity search to TPP;0.820512831
DTXSID90787151;4-Chlorophenyl phenyl phosphate;59447-19-7;KLIQVCLTGXUPHY-UHFFFAOYSA-M;4-Chlorophenyl phenyl phosphate;[O-]P(=O)(OC1=CC=CC=C1)OC1=CC=C(Cl)C=C1;"InChI=1S/C12H10ClO4P/c13-10-6-8-12(9-7-10)17-18(14,15)16-11-4-2-1-3-5-11/h1-9H,(H,14,15)/p-1
";C12H9ClO4P;283.62;282.993247;5; ;;;Comptox similarity search to TPP;0.820512831
DTXSID30209584;Isopropyl diphenyl phosphate;60763-39-5;YDICVVYPXSZSFA-UHFFFAOYSA-N;Diphenyl propan-2-yl phosphate;CC(C)OP(=O)(OC1=CC=CC=C1)OC1=CC=CC=C1;"InChI=1S/C15H17O4P/c1-13(2)17-20(16,18-14-9-5-3-6-10-14)19-15-11-7-4-8-12-15/h3-13H,1-2H3
";C15H17O4P;292.271;292.086446;; ;;;Comptox similarity search to TPP;0.820512831
DTXSID30366823;bis(4-chlorophenyl) phosphate;4795-31-7;PLDCKYUUCIJIKY-UHFFFAOYSA-M;Bis(4-chlorophenyl) phosphate;[O-]P(=O)(OC1=CC=C(Cl)C=C1)OC1=CC=C(Cl)C=C1;"InChI=1S/C12H9Cl2O4P/c13-9-1-5-11(6-2-9)17-19(15,16)18-12-7-3-10(14)4-8-12/h1-8H,(H,15,16)/p-1
";C12H8Cl2O4P;318.07;316.954275;5; ;;;Comptox similarity search to TPP;0.820512831
DTXSID90195136;Phenol, p-amino-, phosphate (3:1) (ester);4232-84-2;ZYPZVOKVDNSKLP-UHFFFAOYSA-N;Tris(4-aminophenyl) phosphate;NC1=CC=C(OP(=O)(OC2=CC=C(N)C=C2)OC2=CC=C(N)C=C2)C=C1;"InChI=1S/C18H18N3O4P/c19-13-1-7-16(8-2-13)23-26(22,24-17-9-3-14(20)4-10-17)25-18-11-5-15(21)6-12-18/h1-12H,19-21H2
";C18H18N3O4P;371.333;371.103493;; ;;;Comptox similarity search to TPP;0.820512831
DTXSID6022212;Tris(3,4-dimethylphenyl) phosphate;3862-11-1;BCTKCHOESSAGCN-UHFFFAOYSA-N;Tris(3,4-dimethylphenyl) phosphate;CC1=CC=C(OP(=O)(OC2=CC(C)=C(C)C=C2)OC2=CC(C)=C(C)C=C2)C=C1C;"InChI=1S/C24H27O4P/c1-16-7-10-22(13-19(16)4)26-29(25,27-23-11-8-17(2)20(5)14-23)28-24-12-9-18(3)21(6)15-24/h7-15H,1-6H3
";C24H27O4P;410.45;410.164696;1; ;;;Comptox similarity search to TPP;0.820512831
DTXSID70204836;Guaiacol phosphate;563-03-1;ADBFDJQRBQZXAB-UHFFFAOYSA-N;Tris(2-methoxyphenyl) phosphate;COC1=CC=CC=C1OP(=O)(OC1=CC=CC=C1OC)OC1=CC=CC=C1OC;"InChI=1S/C21H21O7P/c1-23-16-10-4-7-13-19(16)26-29(22,27-20-14-8-5-11-17(20)24-2)28-21-15-9-6-12-18(21)25-3/h4-15H,1-3H3
";C21H21O7P;416.366;416.102490;; ;;;Comptox similarity search to TPP;0.820512831
DTXSID10192006;Tris(4-chlorophenyl) phosphate;3871-31-6;DFQHFXCKNSCDFW-UHFFFAOYSA-N;Tris(4-chlorophenyl) phosphate;ClC1=CC=C(OP(=O)(OC2=CC=C(Cl)C=C2)OC2=CC=C(Cl)C=C2)C=C1;"InChI=1S/C18H12Cl3O4P/c19-13-1-7-16(8-2-13)23-26(22,24-17-9-3-14(20)4-10-17)25-18-11-5-15(21)6-12-18/h1-12H
";C18H12Cl3O4P;429.61;427.953879;; ;;;Comptox similarity search to TPP;0.820512831
DTXSID10960025;3,5-Dimethylphenyl dihydrogen phosphate;39289-88-8;AFQJYYPIAZDTHT-UHFFFAOYSA-N;3,5-Dimethylphenyl dihydrogen phosphate;CC1=CC(OP(O)(O)=O)=CC(C)=C1;"InChI=1S/C8H11O4P/c1-6-3-7(2)5-8(4-6)12-13(9,10)11/h3-5H,1-2H3,(H2,9,10,11)
";C8H11O4P;202.146;202.039496;5; ;;;Comptox similarity search to TPP;0.815789461
DTXSID60826521;Ethyl 2-hydroxyphenyl phosphate;87110-09-6;VOGRTRHBKKIGDP-UHFFFAOYSA-M;Ethyl 2-hydroxyphenyl phosphate;CCOP([O-])(=O)OC1=CC=CC=C1O;"InChI=1S/C8H11O5P/c1-2-12-14(10,11)13-8-6-4-3-5-7(8)9/h3-6,9H,2H2,1H3,(H,10,11)/p-1
";C8H10O5P;217.137;217.027134;5; ;;;Comptox similarity search to TPP;0.800000012
DTXSID10575310;Butyl phenyl hydrogen phosphate;46438-39-5;GTORMKXYQMWBEP-UHFFFAOYSA-N;Butyl phenyl hydrogen phosphate;CCCCOP(O)(=O)OC1=CC=CC=C1;"InChI=1S/C10H15O4P/c1-2-3-9-13-15(11,12)14-10-7-5-4-6-8-10/h4-8H,2-3,9H2,1H3,(H,11,12)
";C10H15O4P;230.2;230.070796;5; ;;;Comptox similarity search to TPP;0.800000012
DTXSID60813118;Ethyl methyl naphthalen-1-yl phosphate;61911-61-3;YQSILOWALRPZBN-UHFFFAOYSA-N;Ethyl methyl naphthalen-1-yl phosphate;CCOP(=O)(OC)OC1=CC=CC2=CC=CC=C12;"InChI=1S/C13H15O4P/c1-3-16-18(14,15-2)17-13-10-6-8-11-7-4-5-9-12(11)13/h4-10H,3H2,1-2H3
";C13H15O4P;266.233;266.070796;5; ;;;Comptox similarity search to TPP;0.800000012
DTXSID60191226;Phosphoric acid, dimethyl (4-phenylphenyl) ester;37782-02-8;SIMWKODISLDWLX-UHFFFAOYSA-N;[1,1'-Biphenyl]-4-yl dimethyl phosphate;COP(=O)(OC)OC1=CC=C(C=C1)C1=CC=CC=C1;"InChI=1S/C14H15O4P/c1-16-19(15,17-2)18-14-10-8-13(9-11-14)12-6-4-3-5-7-12/h3-11H,1-2H3
";C14H15O4P;278.244;278.070796;4; ;;;Comptox similarity search to TPP;0.800000012
DTXSID90187334;Phosphoric acid, diethyl 1-naphthalenyl ester;33650-14-5;GTLTVBNVOHZJHA-UHFFFAOYSA-N;Diethyl naphthalen-1-yl phosphate;CCOP(=O)(OCC)OC1=CC=CC2=CC=CC=C12;"InChI=1S/C14H17O4P/c1-3-16-19(15,17-4-2)18-14-11-7-9-12-8-5-6-10-13(12)14/h5-11H,3-4H2,1-2H3
";C14H17O4P;280.26;280.086446;4; ;;;Comptox similarity search to TPP;0.800000012
DTXSID30395850;bis(2-methylpropyl) phenyl phosphate;38299-61-5;TZOHKIXYILEQDW-UHFFFAOYSA-N;Bis(2-methylpropyl) phenyl phosphate;CC(C)COP(=O)(OCC(C)C)OC1=CC=CC=C1;"InChI=1S/C14H23O4P/c1-12(2)10-16-19(15,17-11-13(3)4)18-14-8-6-5-7-9-14/h5-9,12-13H,10-11H2,1-4H3
";C14H23O4P;286.308;286.133396;5; ;;;Comptox similarity search to TPP;0.800000012
DTXSID50873428;Dibutyl phenyl phosphate;2528-36-1;YICSVBJRVMLQNS-UHFFFAOYSA-N;Dibutyl phenyl phosphate;CCCCOP(=O)(OCCCC)OC1=CC=CC=C1;"InChI=1S/C14H23O4P/c1-3-5-12-16-19(15,17-13-6-4-2)18-14-10-8-7-9-11-14/h7-11H,3-6,12-13H2,1-2H3
";C14H23O4P;286.308;286.133396;1; ;;;Comptox similarity search to TPP;0.800000012
DTXSID1062623;Butyl diphenyl phosphate;2752-95-6;DIBUFQMCUZYQKN-UHFFFAOYSA-N;Butyl diphenyl phosphate;CCCCOP(=O)(OC1=CC=CC=C1)OC1=CC=CC=C1;"InChI=1S/C16H19O4P/c1-2-3-14-18-21(17,19-15-10-6-4-7-11-15)20-16-12-8-5-9-13-16/h4-13H,2-3,14H2,1H3
";C16H19O4P;306.298;306.102096;1; ;;;Comptox similarity search to TPP;0.800000012
DTXSID30393098;Phosphoric acid, 2-methylpropyl diphenyl ester;38299-60-4;YGZXVFAXIZVTTH-UHFFFAOYSA-N;2-Methylpropyl diphenyl phosphate;CC(C)COP(=O)(OC1=CC=CC=C1)OC1=CC=CC=C1;"InChI=1S/C16H19O4P/c1-14(2)13-18-21(17,19-15-9-5-3-6-10-15)20-16-11-7-4-8-12-16/h3-12,14H,13H2,1-2H3
";C16H19O4P;306.298;306.102096;5; ;;;Comptox similarity search to TPP;0.800000012
DTXSID60346431;2-Methoxyethyl diphenyl phosphate;65444-10-2;ZGPIVNOGYHJEMI-UHFFFAOYSA-N;2-Methoxyethyl diphenyl phosphate;COCCOP(=O)(OC1=CC=CC=C1)OC1=CC=CC=C1;"InChI=1S/C15H17O5P/c1-17-12-13-18-21(16,19-14-8-4-2-5-9-14)20-15-10-6-3-7-11-15/h2-11H,12-13H2,1H3
";C15H17O5P;308.27;308.081361;5; ;;;Comptox similarity search to TPP;0.800000012
DTXSID00307364;BIS(3-CHLOROPHENOXY)PHOSPHINIC ACID;79850-87-6;CFJQLIQGZQDAGG-UHFFFAOYSA-N;Bis(3-chlorophenyl) hydrogen phosphate;OP(=O)(OC1=CC(Cl)=CC=C1)OC1=CC(Cl)=CC=C1;"InChI=1S/C12H9Cl2O4P/c13-9-3-1-5-11(7-9)17-19(15,16)18-12-6-2-4-10(14)8-12/h1-8H,(H,15,16)
";C12H9Cl2O4P;319.07;317.961551;5; ;;;Comptox similarity search to TPP;0.800000012
DTXSID10582943;4-Hydroxybutyl diphenyl phosphate;132649-26-4;AJXKKVKPCKGZNA-UHFFFAOYSA-N;4-Hydroxybutyl diphenyl phosphate;OCCCCOP(=O)(OC1=CC=CC=C1)OC1=CC=CC=C1;"InChI=1S/C16H19O5P/c17-13-7-8-14-19-22(18,20-15-9-3-1-4-10-15)21-16-11-5-2-6-12-16/h1-6,9-12,17H,7-8,13-14H2
";C16H19O5P;322.297;322.097011;5; ;;;Comptox similarity search to TPP;0.800000012
DTXSID701259334;Phosphoric acid, 9-anthracenyl diethyl ester;16303-26-7;ZVURWFWWPBSXEQ-UHFFFAOYSA-N;Anthracen-9-yl diethyl phosphate;CCOP(=O)(OCC)OC1=C2C=CC=CC2=CC2=CC=CC=C12;"InChI=1S/C18H19O4P/c1-3-20-23(19,21-4-2)22-18-16-11-7-5-9-14(16)13-15-10-6-8-12-17(15)18/h5-13H,3-4H2,1-2H3
";C18H19O4P;330.32;330.102096;; ;;;Comptox similarity search to TPP;0.800000012
DTXSID80422564;ethoxy-oxo-phenoxyphosphanium;20442-56-2;YTPYEMDHQWLUKG-UHFFFAOYSA-N;Ethoxy(oxo)phenoxyphosphanium;CCO[P+](=O)OC1=CC=CC=C1;"InChI=1/C8H10O3P/c1-2-10-12(9)11-8-6-4-3-5-7-8/h3-7H,2H2,1H3/q+1
";C8H10O3P;185.138;185.036208;5; ;;;Comptox similarity search to TPP;0.783783793
DTXSID00567163;Bis(4-methylphenoxy)(oxo)phosphanium;13869-19-7;NKTMXKKCADFXKO-UHFFFAOYSA-N;Bis(4-methylphenoxy)(oxo)phosphanium;CC1=CC=C(O[P+](=O)OC2=CC=C(C)C=C2)C=C1;"InChI=1S/C14H14O3P/c1-11-3-7-13(8-4-11)16-18(15)17-14-9-5-12(2)6-10-14/h3-10H,1-2H3/q+1
";C14H14O3P;261.236;261.067508;5; ;;;Comptox similarity search to TPP;0.783783793
DTXSID00964113;Ethyl 4-methylphenyl hydrogen phosphate;4877-08-1;RPQOGZDVCXECEE-UHFFFAOYSA-N;Ethyl 4-methylphenyl hydrogen phosphate;CCOP(O)(=O)OC1=CC=C(C)C=C1;"InChI=1/C9H13O4P/c1-3-12-14(10,11)13-9-6-4-8(2)5-7-9/h4-7H,3H2,1-2H3,(H,10,11)
";C9H13O4P;216.173;216.055146;5; ;;;Comptox similarity search to TPP;0.780487776
DTXSID00867852;Phosphoric acid, monopentyl monophenyl ester;69867-71-6;CUSOQKDDRMHSPY-UHFFFAOYSA-N;Pentyl phenyl hydrogen phosphate;CCCCCOP(O)(=O)OC1=CC=CC=C1;"InChI=1/C11H17O4P/c1-2-3-7-10-14-16(12,13)15-11-8-5-4-6-9-11/h4-6,8-9H,2-3,7,10H2,1H3,(H,12,13)
";C11H17O4P;244.227;244.086446;1; ;;;Comptox similarity search to TPP;0.780487776
DTXSID60508810;Diethyl 3-methoxyphenyl phosphate;13538-32-4;WWGGRDOJOLSSRP-UHFFFAOYSA-N;Diethyl 3-methoxyphenyl phosphate;CCOP(=O)(OCC)OC1=CC=CC(OC)=C1;"InChI=1S/C11H17O5P/c1-4-14-17(12,15-5-2)16-11-8-6-7-10(9-11)13-3/h6-9H,4-5H2,1-3H3
";C11H17O5P;260.226;260.081361;5; ;;;Comptox similarity search to TPP;0.780487776
DTXSID40620261;Bis(2-methylphenyl) phosphate;27378-80-9;OHRCKPRYDGSBRN-UHFFFAOYSA-M;Bis(2-methylphenyl) phosphate;CC1=CC=CC=C1OP([O-])(=O)OC1=CC=CC=C1C;"InChI=1S/C14H15O4P/c1-11-7-3-5-9-13(11)17-19(15,16)18-14-10-6-4-8-12(14)2/h3-10H,1-2H3,(H,15,16)/p-1
";C14H14O4P;277.236;277.063520;5; ;;;Comptox similarity search to TPP;0.780487776
DTXSID70957173;Bis(2-methylphenyl) hydrogen phosphate;35787-74-7;OHRCKPRYDGSBRN-UHFFFAOYSA-N;Bis(2-methylphenyl) hydrogen phosphate;CC1=CC=CC=C1OP(O)(=O)OC1=CC=CC=C1C;"InChI=1S/C14H15O4P/c1-11-7-3-5-9-13(11)17-19(15,16)18-14-10-6-4-8-12(14)2/h3-10H,1-2H3,(H,15,16)
";C14H15O4P;278.244;278.070796;5; ;;;Comptox similarity search to TPP;0.780487776
DTXSID20813119;Methyl naphthalen-1-yl propyl phosphate;61911-60-2;NSRJUBQBNOZKGU-UHFFFAOYSA-N;Methyl naphthalen-1-yl propyl phosphate;CCCOP(=O)(OC)OC1=CC=CC2=CC=CC=C12;"InChI=1S/C14H17O4P/c1-3-11-17-19(15,16-2)18-14-10-6-8-12-7-4-5-9-13(12)14/h4-10H,3,11H2,1-2H3
";C14H17O4P;280.26;280.086446;5; ;;;Comptox similarity search to TPP;0.780487776
DTXSID70147355;Octyl phenyl hydrogen phosphate;10581-14-3;SDWUQIDETLBAIU-UHFFFAOYSA-N;Octyl phenyl hydrogen phosphate;CCCCCCCCOP(O)(=O)OC1=CC=CC=C1;"InChI=1S/C14H23O4P/c1-2-3-4-5-6-10-13-17-19(15,16)18-14-11-8-7-9-12-14/h7-9,11-12H,2-6,10,13H2,1H3,(H,15,16)
";C14H23O4P;286.308;286.133396;; ;;;Comptox similarity search to TPP;0.780487776
DTXSID30824539;2,6-Dimethylphenyl 2-methylphenyl phosphate;760973-57-7;KBQPSTHXRNKBQA-UHFFFAOYSA-M;2,6-Dimethylphenyl 2-methylphenyl phosphate;CC1=CC=CC=C1OP([O-])(=O)OC1=C(C)C=CC=C1C;"InChI=1S/C15H17O4P/c1-11-7-4-5-10-14(11)18-20(16,17)19-15-12(2)8-6-9-13(15)3/h4-10H,1-3H3,(H,16,17)/p-1
";C15H16O4P;291.263;291.079170;5; ;;;Comptox similarity search to TPP;0.780487776
DTXSID80633855;2-Aminoethyl diphenyl phosphate;65314-76-3;AWYUUFIFCJZDFO-UHFFFAOYSA-N;2-Aminoethyl diphenyl phosphate;NCCOP(=O)(OC1=CC=CC=C1)OC1=CC=CC=C1;"InChI=1S/C14H16NO4P/c15-11-12-17-20(16,18-13-7-3-1-4-8-13)19-14-9-5-2-6-10-14/h1-10H,11-12,15H2
";C14H16NO4P;293.259;293.081695;5; ;;;Comptox similarity search to TPP;0.780487776
DTXSID60276047;tert-butyl diphenyl phosphate;22433-83-6;KHLAZQIVJFSQDS-UHFFFAOYSA-N;tert-Butyl diphenyl phosphate;CC(C)(C)OP(=O)(OC1=CC=CC=C1)OC1=CC=CC=C1;"InChI=1S/C16H19O4P/c1-16(2,3)20-21(17,18-14-10-6-4-7-11-14)19-15-12-8-5-9-13-15/h4-13H,1-3H3
";C16H19O4P;306.298;306.102096;5; ;;;Comptox similarity search to TPP;0.780487776
DTXSID50452772;Bis(2,6-dimethylphenyl)phosphate;18350-99-7;APOXBWCRUPJDAC-UHFFFAOYSA-N;Bis(2,6-dimethylphenyl) hydrogen phosphate;CC1=CC=CC(C)=C1OP(O)(=O)OC1=C(C)C=CC=C1C;"InChI=1S/C16H19O4P/c1-11-7-5-8-12(2)15(11)19-21(17,18)20-16-13(3)9-6-10-14(16)4/h5-10H,1-4H3,(H,17,18)
";C16H19O4P;306.298;306.102096;5; ;;;Comptox similarity search to TPP;0.780487776
DTXSID80623357;Pentyl diphenyl phosphate;105234-62-6;BVXSDQYDTOKNMQ-UHFFFAOYSA-N;Pentyl diphenyl phosphate;CCCCCOP(=O)(OC1=CC=CC=C1)OC1=CC=CC=C1;"InChI=1S/C17H21O4P/c1-2-3-10-15-19-22(18,20-16-11-6-4-7-12-16)21-17-13-8-5-9-14-17/h4-9,11-14H,2-3,10,15H2,1H3
";C17H21O4P;320.325;320.117746;5; ;;;Comptox similarity search to TPP;0.780487776
DTXSID901195695;Phosphoric acid, 2,3-dihydroxypropyl diphenyl ester, (S)-;58530-77-1;QWUKKAJCAVRFFC-ZDUSSCGKSA-N;(2S)-2,3-Dihydroxypropyl diphenyl phosphate;OC[C@H](O)COP(=O)(OC1=CC=CC=C1)OC1=CC=CC=C1;"InChI=1S/C15H17O6P/c16-11-13(17)12-19-22(18,20-14-7-3-1-4-8-14)21-15-9-5-2-6-10-15/h1-10,13,16-17H,11-12H2/t13-/m0/s1
";C15H17O6P;324.269;324.076275;; ;;;Comptox similarity search to TPP;0.780487776
DTXSID70200530;Phosphoric acid, 2-methylphenyl diphenyl ester;5254-12-6;XMNDMAQKWSQVOV-UHFFFAOYSA-N;2-Methylphenyl diphenyl phosphate;CC1=CC=CC=C1OP(=O)(OC1=CC=CC=C1)OC1=CC=CC=C1;"InChI=1S/C19H17O4P/c1-16-10-8-9-15-19(16)23-24(20,21-17-11-4-2-5-12-17)22-18-13-6-3-7-14-18/h2-15H,1H3
";C19H17O4P;340.315;340.086446;4; ;;;Comptox similarity search to TPP;0.780487776
DTXSID10601981;Dihexyl phenyl phosphate;33898-82-7;DQLJOCWRWFJZMD-UHFFFAOYSA-N;Dihexyl phenyl phosphate;CCCCCCOP(=O)(OCCCCCC)OC1=CC=CC=C1;"InChI=1S/C18H31O4P/c1-3-5-7-12-16-20-23(19,21-17-13-8-6-4-2)22-18-14-10-9-11-15-18/h9-11,14-15H,3-8,12-13,16-17H2,1-2H3
";C18H31O4P;342.416;342.195996;5; ;;;Comptox similarity search to TPP;0.780487776
DTXSID3066922;Diphenyl 2,6-dimethylphenyl phosphate;23666-94-6;YZXCXQOZLZRKHF-UHFFFAOYSA-N;2,6-Dimethylphenyl diphenyl phosphate;CC1=CC=CC(C)=C1OP(=O)(OC1=CC=CC=C1)OC1=CC=CC=C1;"InChI=1S/C20H19O4P/c1-16-10-9-11-17(2)20(16)24-25(21,22-18-12-5-3-6-13-18)23-19-14-7-4-8-15-19/h3-15H,1-2H3
";C20H19O4P;354.342;354.102096;; ;;;Comptox similarity search to TPP;0.780487776
DTXSID0072934;Phosphoric acid, 2,4-dimethylphenyl diphenyl ester;86864-87-1;AYGJSQLTGPQJPU-UHFFFAOYSA-N;2,4-Dimethylphenyl diphenyl phosphate;CC1=CC=C(OP(=O)(OC2=CC=CC=C2)OC2=CC=CC=C2)C(C)=C1;"InChI=1S/C20H19O4P/c1-16-13-14-20(17(2)15-16)24-25(21,22-18-9-5-3-6-10-18)23-19-11-7-4-8-12-19/h3-15H,1-2H3
";C20H19O4P;354.342;354.102096;; ;;;Comptox similarity search to TPP;0.780487776
DTXSID8074287;Octyl diphenyl phosphate;115-88-8;YAFOVCNAQTZDQB-UHFFFAOYSA-N;Octyl diphenyl phosphate;CCCCCCCCOP(=O)(OC1=CC=CC=C1)OC1=CC=CC=C1;"InChI=1S/C20H27O4P/c1-2-3-4-5-6-13-18-22-25(21,23-19-14-9-7-10-15-19)24-20-16-11-8-12-17-20/h7-12,14-17H,2-6,13,18H2,1H3
";C20H27O4P;362.406;362.164696;; ;;;Comptox similarity search to TPP;0.780487776
DTXSID5072721;Diphenyl 2,4,6-trimethylphenyl phosphate;73179-43-8;TZNDMQPVWYWNFW-UHFFFAOYSA-N;Diphenyl 2,4,6-trimethylphenyl phosphate;CC1=CC(C)=C(OP(=O)(OC2=CC=CC=C2)OC2=CC=CC=C2)C(C)=C1;"InChI=1S/C21H21O4P/c1-16-14-17(2)21(18(3)15-16)25-26(22,23-19-10-6-4-7-11-19)24-20-12-8-5-9-13-20/h4-15H,1-3H3
";C21H21O4P;368.369;368.117746;; ;;;Comptox similarity search to TPP;0.780487776
DTXSID20539100;Nonyl diphenyl phosphate;96663-10-4;BKENCPVCULYKSA-UHFFFAOYSA-N;Nonyl diphenyl phosphate;CCCCCCCCCOP(=O)(OC1=CC=CC=C1)OC1=CC=CC=C1;"InChI=1S/C21H29O4P/c1-2-3-4-5-6-7-14-19-23-26(22,24-20-15-10-8-11-16-20)25-21-17-12-9-13-18-21/h8-13,15-18H,2-7,14,19H2,1H3
";C21H29O4P;376.433;376.180346;5; ;;;Comptox similarity search to TPP;0.780487776
DTXSID30888676;Phosphoric acid, 2,4-dimethylphenyl 2,6-dimethylphenyl phenyl ester;86864-89-3;CMMLWWDEAQPEPF-UHFFFAOYSA-N;2,4-Dimethylphenyl 2,6-dimethylphenyl phenyl phosphate;CC1=CC=C(OP(=O)(OC2=CC=CC=C2)OC2=C(C)C=CC=C2C)C(C)=C1;"InChI=1/C22H23O4P/c1-16-13-14-21(19(4)15-16)25-27(23,24-20-11-6-5-7-12-20)26-22-17(2)9-8-10-18(22)3/h5-15H,1-4H3
";C22H23O4P;382.396;382.133396;; ;;;Comptox similarity search to TPP;0.780487776
DTXSID8066921;Bis(2,6-dimethylphenyl) phenyl phosphate;23666-93-5;NRHMSJGIJYQISI-UHFFFAOYSA-N;Bis(2,6-dimethylphenyl) phenyl phosphate;CC1=CC=CC(C)=C1OP(=O)(OC1=CC=CC=C1)OC1=C(C)C=CC=C1C;"InChI=1S/C22H23O4P/c1-16-10-8-11-17(2)21(16)25-27(23,24-20-14-6-5-7-15-20)26-22-18(3)12-9-13-19(22)4/h5-15H,1-4H3
";C22H23O4P;382.396;382.133396;; ;;;Comptox similarity search to TPP;0.780487776
DTXSID5072935;Phosphoric acid, bis(2,4-dimethylphenyl) phenyl ester;86864-88-2;LHDWQHHGFDELQM-UHFFFAOYSA-N;Bis(2,4-dimethylphenyl) phenyl phosphate;CC1=CC=C(OP(=O)(OC2=CC=CC=C2)OC2=CC=C(C)C=C2C)C(C)=C1;"InChI=1S/C22H23O4P/c1-16-10-12-21(18(3)14-16)25-27(23,24-20-8-6-5-7-9-20)26-22-13-11-17(2)15-19(22)4/h5-15H,1-4H3
";C22H23O4P;382.396;382.133396;; ;;;Comptox similarity search to TPP;0.780487776
DTXSID60290344;4-ethylphenyl bis(4-methylphenyl) phosphate;43132-96-3;YGSPPXVZKKKOBV-UHFFFAOYSA-N;4-Ethylphenyl bis(4-methylphenyl) phosphate;CCC1=CC=C(OP(=O)(OC2=CC=C(C)C=C2)OC2=CC=C(C)C=C2)C=C1;"InChI=1S/C22H23O4P/c1-4-19-9-15-22(16-10-19)26-27(23,24-20-11-5-17(2)6-12-20)25-21-13-7-18(3)8-14-21/h5-16H,4H2,1-3H3
";C22H23O4P;382.396;382.133396;; ;;;Comptox similarity search to TPP;0.780487776
DTXSID6074259;Decyl diphenyl phosphate;14167-87-4;UZJUEEROTUVKNS-UHFFFAOYSA-N;Decyl diphenyl phosphate;CCCCCCCCCCOP(=O)(OC1=CC=CC=C1)OC1=CC=CC=C1;"InChI=1S/C22H31O4P/c1-2-3-4-5-6-7-8-15-20-24-27(23,25-21-16-11-9-12-17-21)26-22-18-13-10-14-19-22/h9-14,16-19H,2-8,15,20H2,1H3
";C22H31O4P;390.46;390.195996;; ;;;Comptox similarity search to TPP;0.780487776
DTXSID10888376;Phosphoric acid, 2,6-dimethylphenyl phenyl 2,4,6-trimethylphenyl ester;73179-41-6;SBWHQCISDRTDRW-UHFFFAOYSA-N;2,6-Dimethylphenyl phenyl 2,4,6-trimethylphenyl phosphate;CC1=CC(C)=C(OP(=O)(OC2=CC=CC=C2)OC2=C(C)C=CC=C2C)C(C)=C1;"InChI=1/C23H25O4P/c1-16-14-19(4)23(20(5)15-16)27-28(24,25-21-12-7-6-8-13-21)26-22-17(2)10-9-11-18(22)3/h6-15H,1-5H3
";C23H25O4P;396.423;396.149046;; ;;;Comptox similarity search to TPP;0.780487776
DTXSID90888677;Phosphoric acid, 2,4-dimethylphenyl phenyl 2,4,6-trimethylphenyl ester;86864-90-6;ROFWBXMFJOTAQZ-UHFFFAOYSA-N;2,4-Dimethylphenyl phenyl 2,4,6-trimethylphenyl phosphate;CC1=CC=C(OP(=O)(OC2=CC=CC=C2)OC2=C(C)C=C(C)C=C2C)C(C)=C1;"InChI=1/C23H25O4P/c1-16-11-12-22(18(3)13-16)26-28(24,25-21-9-7-6-8-10-21)27-23-19(4)14-17(2)15-20(23)5/h6-15H,1-5H3
";C23H25O4P;396.423;396.149046;; ;;;Comptox similarity search to TPP;0.780487776
DTXSID40736593;Bis(2,6-dimethylphenyl) 4-hydroxyphenyl phosphate;169224-30-0;VHTLIAACILPQPC-UHFFFAOYSA-N;Bis(2,6-dimethylphenyl) 4-hydroxyphenyl phosphate;CC1=CC=CC(C)=C1OP(=O)(OC1=CC=C(O)C=C1)OC1=C(C)C=CC=C1C;"InChI=1S/C22H23O5P/c1-15-7-5-8-16(2)21(15)26-28(24,25-20-13-11-19(23)12-14-20)27-22-17(3)9-6-10-18(22)4/h5-14,23H,1-4H3
";C22H23O5P;398.395;398.128311;5; ;;;Comptox similarity search to TPP;0.780487776
DTXSID20210629;Dioctyl phenyl phosphate;6161-81-5;QHGRPTNUHWYCEN-UHFFFAOYSA-N;Dioctyl phenyl phosphate;CCCCCCCCOP(=O)(OCCCCCCCC)OC1=CC=CC=C1;"InChI=1S/C22H39O4P/c1-3-5-7-9-11-16-20-24-27(23,26-22-18-14-13-15-19-22)25-21-17-12-10-8-6-4-2/h13-15,18-19H,3-12,16-17,20-21H2,1-2H3
";C22H39O4P;398.524;398.258597;; ;;;Comptox similarity search to TPP;0.780487776
DTXSID0072936;Phosphoric acid, bis(2,4-dimethylphenyl) 2,6-dimethylphenyl ester;86864-91-7;SFRAAVNRABYQOP-UHFFFAOYSA-N;Bis(2,4-dimethylphenyl) 2,6-dimethylphenyl phosphate;CC1=CC=C(OP(=O)(OC2=CC=C(C)C=C2C)OC2=C(C)C=CC=C2C)C(C)=C1;"InChI=1S/C24H27O4P/c1-16-10-12-22(20(5)14-16)26-29(25,27-23-13-11-17(2)15-21(23)6)28-24-18(3)8-7-9-19(24)4/h7-15H,1-6H3
";C24H27O4P;410.45;410.164696;; ;;;Comptox similarity search to TPP;0.780487776
DTXSID80959466;Tris(2,4-dimethylphenyl) phosphate;3862-12-2;KOWVWXQNQNCRRS-UHFFFAOYSA-N;Tris(2,4-dimethylphenyl) phosphate;CC1=CC(C)=C(OP(=O)(OC2=C(C)C=C(C)C=C2)OC2=C(C)C=C(C)C=C2)C=C1;"InChI=1S/C24H27O4P/c1-16-7-10-22(19(4)13-16)26-29(25,27-23-11-8-17(2)14-20(23)5)28-24-12-9-18(3)15-21(24)6/h7-15H,1-6H3
";C24H27O4P;410.45;410.164696;1; ;;;Comptox similarity search to TPP;0.780487776
DTXSID60191584;Tris(4-ethylphenyl) phosphate;3820-69-7;BMPBPTNLNBRGOT-UHFFFAOYSA-N;Tris(4-ethylphenyl) phosphate;CCC1=CC=C(OP(=O)(OC2=CC=C(CC)C=C2)OC2=CC=C(CC)C=C2)C=C1;"InChI=1S/C24H27O4P/c1-4-19-7-13-22(14-8-19)26-29(25,27-23-15-9-20(5-2)10-16-23)28-24-17-11-21(6-3)12-18-24/h7-18H,4-6H2,1-3H3
";C24H27O4P;410.45;410.164696;; ;;;Comptox similarity search to TPP;0.780487776
DTXSID70891326;Tris(2,6-dimethylphenyl) phosphate;121-06-2;QLORRTLBSJTMSN-UHFFFAOYSA-N;Tris(2,6-dimethylphenyl) phosphate;CC1=CC=CC(C)=C1OP(=O)(OC1=C(C)C=CC=C1C)OC1=C(C)C=CC=C1C;"InChI=1S/C24H27O4P/c1-16-10-7-11-17(2)22(16)26-29(25,27-23-18(3)12-8-13-19(23)4)28-24-20(5)14-9-15-21(24)6/h7-15H,1-6H3
";C24H27O4P;410.45;410.164696;1; ;;;Comptox similarity search to TPP;0.780487776
DTXSID5072937;Phosphoric acid, 2,4-dimethylphenyl bis(2,6-dimethylphenyl) ester;86864-92-8;HXJLUDOGBZZEFW-UHFFFAOYSA-N;2,4-Dimethylphenyl bis(2,6-dimethylphenyl) phosphate;CC1=CC=C(OP(=O)(OC2=C(C)C=CC=C2C)OC2=C(C)C=CC=C2C)C(C)=C1;"InChI=1S/C24H27O4P/c1-16-13-14-22(21(6)15-16)26-29(25,27-23-17(2)9-7-10-18(23)3)28-24-19(4)11-8-12-20(24)5/h7-15H,1-6H3
";C24H27O4P;410.45;410.164696;; ;;;Comptox similarity search to TPP;0.780487776
DTXSID3067314;Phosphoric acid, dodecyl diphenyl ester;27460-02-2;DLZXXNAEQGRWPX-UHFFFAOYSA-N;Dodecyl diphenyl phosphate;CCCCCCCCCCCCOP(=O)(OC1=CC=CC=C1)OC1=CC=CC=C1;"InChI=1S/C24H35O4P/c1-2-3-4-5-6-7-8-9-10-17-22-26-29(25,27-23-18-13-11-14-19-23)28-24-20-15-12-16-21-24/h11-16,18-21H,2-10,17,22H2,1H3
";C24H35O4P;418.514;418.227297;; ;;;Comptox similarity search to TPP;0.780487776
DTXSID901276576;4-Methylphenyl propyl hydrogen phosphate;46438-18-0;CVDMQUGNVPSOIO-UHFFFAOYNA-N;4-Methylphenyl propyl hydrogen phosphate;CCCOP(O)(=O)OC1=CC=C(C)C=C1;"InChI=1/C10H15O4P/c1-3-8-13-15(11,12)14-10-6-4-9(2)5-7-10/h4-7H,3,8H2,1-2H3,(H,11,12)
";C10H15O4P;230.2;230.070796;; ;;;Comptox similarity search to TPP;0.761904776
DTXSID20161728;Phosphoric acid, diethyl 3-methylphenyl ester;14143-01-2;GCSDSLXAMQEUKU-UHFFFAOYSA-N;Diethyl 3-methylphenyl phosphate;CCOP(=O)(OCC)OC1=CC=CC(C)=C1;"InChI=1S/C11H17O4P/c1-4-13-16(12,14-5-2)15-11-8-6-7-10(3)9-11/h6-9H,4-5H2,1-3H3
";C11H17O4P;244.227;244.086446;4; ;;;Comptox similarity search to TPP;0.761904776
DTXSID10226431;Phosphoric acid, 3,4-dichlorophenyl dimethyl ester;75489-41-7;SZNNHHDICIJCMS-UHFFFAOYSA-N;3,4-Dichlorophenyl dimethyl phosphate;COP(=O)(OC)OC1=CC(Cl)=C(Cl)C=C1;"InChI=1S/C8H9Cl2O4P/c1-12-15(11,13-2)14-6-3-4-7(9)8(10)5-6/h3-5H,1-2H3
";C8H9Cl2O4P;271.03;269.961551;4; ;;;Comptox similarity search to TPP;0.761904776
DTXSID00200720;Tris(3-ethylphenyl)phosphate;52736-14-8;QZWWNNQRBSJVLL-UHFFFAOYSA-N;Tris(3-ethylphenyl) phosphate;CCC1=CC(OP(=O)(OC2=CC=CC(CC)=C2)OC2=CC=CC(CC)=C2)=CC=C1;"InChI=1S/C24H27O4P/c1-4-19-10-7-13-22(16-19)26-29(25,27-23-14-8-11-20(5-2)17-23)28-24-15-9-12-21(6-3)18-24/h7-18H,4-6H2,1-3H3
";C24H27O4P;410.45;410.164696;1; ;;;Comptox similarity search to TPP;0.761904776
DTXSID50335576;Diethyl 4-bromophenyl phosphate;16498-01-4;VFNLVHJJCJDLRL-UHFFFAOYSA-N;4-Bromophenyl diethyl phosphate;CCOP(=O)(OCC)OC1=CC=C(Br)C=C1;"InChI=1S/C10H14BrO4P/c1-3-13-16(12,14-4-2)15-10-7-5-9(11)6-8-10/h5-8H,3-4H2,1-2H3
";C10H14BrO4P;309.096;307.981309;5; ;;;Comptox similarity search to TPP;0.744186044
DTXSID20813114;Butyl ethyl naphthalen-1-yl phosphate;61911-65-7;RSUFTHREZZDQAP-UHFFFAOYSA-N;Butyl ethyl naphthalen-1-yl phosphate;CCCCOP(=O)(OCC)OC1=CC=CC2=CC=CC=C12;"InChI=1S/C16H21O4P/c1-3-5-13-19-21(17,18-4-2)20-16-12-8-10-14-9-6-7-11-15(14)16/h6-12H,3-5,13H2,1-2H3
";C16H21O4P;308.314;308.117746;5; ;;;Comptox similarity search to TPP;0.744186044
DTXSID7067455;Phosphoric acid, isooctyl diphenyl ester;29319-57-1;RCRYBQKHEDNBDN-UHFFFAOYSA-N;6-Methylheptyl diphenyl phosphate;CC(C)CCCCCOP(=O)(OC1=CC=CC=C1)OC1=CC=CC=C1;"InChI=1S/C20H27O4P/c1-18(2)12-6-5-11-17-22-25(21,23-19-13-7-3-8-14-19)24-20-15-9-4-10-16-20/h3-4,7-10,13-16,18H,5-6,11-12,17H2,1-2H3
";C20H27O4P;362.406;362.164696;3; ;;;Comptox similarity search to TPP;0.744186044
DTXSID20164411;Phosphoric acid, p-aminophenyl diethyl ester;14984-58-8;BIZDCQFJAWUTAF-UHFFFAOYSA-N;4-Aminophenyl diethyl phosphate;CCOP(=O)(OCC)OC1=CC=C(N)C=C1;"InChI=1S/C10H16NO4P/c1-3-13-16(12,14-4-2)15-10-7-5-9(11)6-8-10/h5-8H,3-4,11H2,1-2H3
";C10H16NO4P;245.215;245.081695;4; ;;;Comptox similarity search to TPP;0.727272749
DTXSID90208412;Diethyl o-tolyl phosphate;597-87-5;PEWMGFMJPSOUIN-UHFFFAOYSA-N;Diethyl 2-methylphenyl phosphate;CCOP(=O)(OCC)OC1=CC=CC=C1C;"InChI=1S/C11H17O4P/c1-4-13-16(12,14-5-2)15-11-9-7-6-8-10(11)3/h6-9H,4-5H2,1-3H3
";C11H17O4P;244.227;244.086446;4; ;;;Comptox similarity search to TPP;0.711111128
DTXSID20706971;2-Butoxyethyl diphenyl phosphate;7332-51-6;GANMEIBMNORMAX-UHFFFAOYSA-N;2-Butoxyethyl diphenyl phosphate;CCCCOCCOP(=O)(OC1=CC=CC=C1)OC1=CC=CC=C1;"InChI=1S/C18H23O5P/c1-2-3-14-20-15-16-21-24(19,22-17-10-6-4-7-11-17)23-18-12-8-5-9-13-18/h4-13H,2-3,14-16H2,1H3
";C18H23O5P;350.351;350.128311;5; ;;;Comptox similarity search to TPP;0.711111128
DTXSID50795631;Dihexyl 4-methylphenyl phosphate;63389-78-6;RDAZMHGPBSBMKU-UHFFFAOYSA-N;Dihexyl 4-methylphenyl phosphate;CCCCCCOP(=O)(OCCCCCC)OC1=CC=C(C)C=C1;"InChI=1S/C19H33O4P/c1-4-6-8-10-16-21-24(20,22-17-11-9-7-5-2)23-19-14-12-18(3)13-15-19/h12-15H,4-11,16-17H2,1-3H3
";C19H33O4P;356.443;356.211647;5; ;;;Comptox similarity search to TPP;0.711111128
DTXSID00944475;(2,2-Dimethylpropoxy)(oxo)phenoxyphosphanium;21879-32-3;BYLAGCHNHPTSRT-UHFFFAOYSA-N;(2,2-Dimethylpropoxy)(oxo)phenoxyphosphanium;CC(C)(C)CO[P+](=O)OC1=CC=CC=C1;"InChI=1/C11H16O3P/c1-11(2,3)9-13-15(12)14-10-7-5-4-6-8-10/h4-8H,9H2,1-3H3/q+1
";C11H16O3P;227.219;227.083158;5; ;;;Comptox similarity search to TPP;0.707317054
DTXSID60739561;Bis(3,4-dichlorophenoxy)(oxo)phosphanium;65463-65-2;XIPAJFQKRINIFR-UHFFFAOYSA-N;Bis(3,4-dichlorophenoxy)(oxo)phosphanium;ClC1=C(Cl)C=C(O[P+](=O)OC2=CC(Cl)=C(Cl)C=C2)C=C1;"InChI=1S/C12H6Cl4O3P/c13-9-3-1-7(5-11(9)15)18-20(17)19-8-2-4-10(14)12(16)6-8/h1-6H/q+1
";C12H6Cl4O3P;370.95;368.880318;5; ;;;Comptox similarity search to TPP;0.690476179
DTXSID10788948;Bis(1,3-dichloropropan-2-yl) phenyl phosphate;52725-03-8;TZDIXLVOZCTMPQ-UHFFFAOYSA-N;Bis(1,3-dichloropropan-2-yl) phenyl phosphate;ClCC(CCl)OP(=O)(OC(CCl)CCl)OC1=CC=CC=C1;"InChI=1S/C12H15Cl4O4P/c13-6-11(7-14)19-21(17,20-12(8-15)9-16)18-10-4-2-1-3-5-10/h1-5,11-12H,6-9H2
";C12H15Cl4O4P;396.02;393.946207;5; ;;;Comptox similarity search to TPP;0.680851042
DTXSID00167783;Phosphoric acid, o-chlorophenyl diethyl ester;16462-86-5;APOXHPYVMRKTKO-UHFFFAOYSA-N;2-Chlorophenyl diethyl phosphate;CCOP(=O)(OCC)OC1=CC=CC=C1Cl;"InChI=1S/C10H14ClO4P/c1-3-13-16(12,14-4-2)15-10-8-6-5-7-9(10)11/h5-8H,3-4H2,1-2H3
";C10H14ClO4P;264.64;264.031824;4; ;;;Comptox similarity search to TPP;0.666666687
DTXSID40186453;Phosphoric acid, 2,4-dichlorophenyl diethyl ester;3279-62-7;TVZVEGZSJDAAKQ-UHFFFAOYSA-N;2,4-Dichlorophenyl diethyl phosphate;CCOP(=O)(OCC)OC1=C(Cl)C=C(Cl)C=C1;"InChI=1S/C10H13Cl2O4P/c1-3-14-17(13,15-4-2)16-10-6-5-8(11)7-9(10)12/h5-7H,3-4H2,1-2H3
";C10H13Cl2O4P;299.08;297.992851;; ;;;Comptox similarity search to TPP;0.653061211
DTXSID2058172;Propaphos;7292-16-2;PWYIUEFFPNVCMW-UHFFFAOYSA-N;4-(Methylsulfanyl)phenyl dipropyl phosphate;CCCOP(=O)(OCCC)OC1=CC=C(SC)C=C1;"InChI=1S/C13H21O4PS/c1-4-10-15-18(14,16-11-5-2)17-12-6-8-13(19-3)9-7-12/h6-9H,4-5,10-11H2,1-3H3
";C13H21O4PS;304.34;304.089817;1; ;;;Comptox similarity search to TPP;0.653061211
DTXSID40980099;Quinolin-8-yl dihydrogen phosphate;63716-67-6;ZECSTTAOTMSGAM-UHFFFAOYSA-N;Quinolin-8-yl dihydrogen phosphate;OP(O)(=O)OC1=CC=CC2=C1N=CC=C2;"InChI=1S/C9H8NO4P/c11-15(12,13)14-8-5-1-3-7-4-2-6-10-9(7)8/h1-6H,(H2,11,12,13)
";C9H8NO4P;225.14;225.019095;5; ;;;Comptox similarity search to TPP;0.607843161
DTXSID90903990;Sodium p-nitrophenyl phosphate;4154-43-2;RUYANEADGUFWRJ-UHFFFAOYSA-M;Sodium 4-nitrophenyl hydrogen phosphate;[Na+].OP([O-])(=O)OC1=CC=C(C=C1)[N+]([O-])=O;"InChI=1S/C6H6NO6P.Na/c8-7(9)5-1-3-6(4-2-5)13-14(10,11)12;/h1-4H,(H2,10,11,12);/q;+1/p-1
";C6H5NNaO6P;241.071;240.975218;1; ;;;Comptox similarity search to TPP;0.607843161
DTXSID50199478;Diisopropylphenylphosphate;51496-03-8;SFFTXLYPBWITRH-UHFFFAOYSA-N;2,3-Di(propan-2-yl)phenyl dihydrogen phosphate;CC(C)C1=C(C(C)C)C(OP(O)(O)=O)=CC=C1;"InChI=1S/C12H19O4P/c1-8(2)10-6-5-7-11(12(10)9(3)4)16-17(13,14)15/h5-9H,1-4H3,(H2,13,14,15)
";C12H19O4P;258.254;258.102096;4; ;;;Comptox similarity search to TPP;0.607843161
DTXSID40999469;Dipropan-2-yl pyridin-3-yl phosphate;78218-73-2;ACKRFIVKCUEHFW-UHFFFAOYSA-N;Dipropan-2-yl pyridin-3-yl phosphate;CC(C)OP(=O)(OC(C)C)OC1=CN=CC=C1;"InChI=1S/C11H18NO4P/c1-9(2)14-17(13,15-10(3)4)16-11-6-5-7-12-8-11/h5-10H,1-4H3
";C11H18NO4P;259.242;259.097345;5; ;;;Comptox similarity search to TPP;0.607843161
DTXSID30208411;Tri-p-tolyl thiophosphate;597-84-2;KOPAJQQYQQKYEG-UHFFFAOYSA-N;O,O,O-Tris(4-methylphenyl) phosphorothioate;CC1=CC=C(OP(=S)(OC2=CC=C(C)C=C2)OC2=CC=C(C)C=C2)C=C1;"InChI=1S/C21H21O3PS/c1-16-4-10-19(11-5-16)22-25(26,23-20-12-6-17(2)7-13-20)24-21-14-8-18(3)9-15-21/h4-15H,1-3H3
";C21H21O3PS;384.43;384.094903;4; ;;;Comptox similarity search to TPP;0.604651153
DTXSID40508479;Ethyl phenyl methylphosphonate;38074-88-3;WPGSABOEWQELIF-UHFFFAOYSA-N;Ethyl phenyl methylphosphonate;CCOP(C)(=O)OC1=CC=CC=C1;"InChI=1S/C9H13O3P/c1-3-11-13(2,10)12-9-7-5-4-6-8-9/h4-8H,3H2,1-2H3
";C9H13O3P;200.174;200.060231;5; ;;;Comptox similarity search to TPP;0.604166687
DTXSID30382886;Phosphonic acid, ethenyl-, diphenyl ester;727-16-2;VLHORJVZAKSXHV-UHFFFAOYSA-N;Diphenyl ethenylphosphonate;C=CP(=O)(OC1=CC=CC=C1)OC1=CC=CC=C1;"InChI=1S/C14H13O3P/c1-2-18(15,16-13-9-5-3-6-10-13)17-14-11-7-4-8-12-14/h2-12H,1H2
";C14H13O3P;260.229;260.060231;5; ;;;Comptox similarity search to TPP;0.604166687
DTXSID70382744;Phosphonic acid, ethyl-, diphenyl ester;7526-29-6;UHMQAIKRVPHZGY-UHFFFAOYSA-N;Diphenyl ethylphosphonate;CCP(=O)(OC1=CC=CC=C1)OC1=CC=CC=C1;"InChI=1S/C14H15O3P/c1-2-18(15,16-13-9-5-3-6-10-13)17-14-11-7-4-8-12-14/h3-12H,2H2,1H3
";C14H15O3P;262.245;262.075881;5; ;;;Comptox similarity search to TPP;0.604166687
DTXSID20208884;1-Methyl-3-(methyl-(3-methylphenoxy)phosphoryl)oxybenzene;60146-73-8;SBUKINWFZLSXAC-UHFFFAOYSA-N;Bis(3-methylphenyl) methylphosphonate;CC1=CC(OP(C)(=O)OC2=CC=CC(C)=C2)=CC=C1;"InChI=1S/C15H17O3P/c1-12-6-4-8-14(10-12)17-19(3,16)18-15-9-5-7-13(2)11-15/h4-11H,1-3H3
";C15H17O3P;276.272;276.091531;; ;;;Comptox similarity search to TPP;0.604166687
DTXSID80237372;Phosphonic acid, methyl-, bis(3,5-dimethylphenyl) ester;88847-66-9;QHVKDBCTUHRTIN-UHFFFAOYSA-N;Bis(3,5-dimethylphenyl) methylphosphonate;CC1=CC(OP(C)(=O)OC2=CC(C)=CC(C)=C2)=CC(C)=C1;"InChI=1S/C17H21O3P/c1-12-6-13(2)9-16(8-12)19-21(5,18)20-17-10-14(3)7-15(4)11-17/h6-11H,1-5H3
";C17H21O3P;304.326;304.122832;4; ;;;Comptox similarity search to TPP;0.604166687
DTXSID00817796;Dimethyl 4-methylquinolin-6-yl phosphate;61391-53-5;IPUICAIEUYUPAW-UHFFFAOYSA-N;Dimethyl 4-methylquinolin-6-yl phosphate;COP(=O)(OC)OC1=CC2=C(C)C=CN=C2C=C1;"InChI=1S/C12H14NO4P/c1-9-6-7-13-12-5-4-10(8-11(9)12)17-18(14,15-2)16-3/h4-8H,1-3H3
";C12H14NO4P;267.221;267.066045;5; ;;;Comptox similarity search to TPP;0.603773594
DTXSID201134076;Phosphoric acid, mono[2,6-bis(1,1-dimethylethyl)-4-methylphenyl] monoethyl ester;1387578-67-7;DPRHMMRRFKWPAA-UHFFFAOYNA-N;2,6-Di-tert-butyl-4-methylphenyl ethyl hydrogen phosphate;CCOP(O)(=O)OC1=C(C=C(C)C=C1C(C)(C)C)C(C)(C)C;"InChI=1/C17H29O4P/c1-9-20-22(18,19)21-15-13(16(3,4)5)10-12(2)11-14(15)17(6,7)8/h10-11H,9H2,1-8H3,(H,18,19)
";C17H29O4P;328.389;328.180346;; ;;;Comptox similarity search to TPP;0.603773594
DTXSID30562424;2,6-Di-tert-butyl-4-methylphenyl diethyl phosphate;479025-43-9;FLXXJGVOGLFPJQ-UHFFFAOYSA-N;2,6-Di-tert-butyl-4-methylphenyl diethyl phosphate;CCOP(=O)(OCC)OC1=C(C=C(C)C=C1C(C)(C)C)C(C)(C)C;"InChI=1S/C19H33O4P/c1-10-21-24(20,22-11-2)23-17-15(18(4,5)6)12-14(3)13-16(17)19(7,8)9/h12-13H,10-11H2,1-9H3
";C19H33O4P;356.443;356.211647;5; ;;;Comptox similarity search to TPP;0.603773594
DTXSID60770515;Dihexyl 2-(hydroxymethyl)phenyl phosphate;141896-78-8;SDRGTRKGQXNWCP-UHFFFAOYSA-N;Dihexyl 2-(hydroxymethyl)phenyl phosphate;CCCCCCOP(=O)(OCCCCCC)OC1=CC=CC=C1CO;"InChI=1S/C19H33O5P/c1-3-5-7-11-15-22-25(21,23-16-12-8-6-4-2)24-19-14-10-9-13-18(19)17-20/h9-10,13-14,20H,3-8,11-12,15-17H2,1-2H3
";C19H33O5P;372.442;372.206561;5; ;;;Comptox similarity search to TPP;0.603773594
DTXSID90921033;Bis(4-chloro-2,3-dimethylphenyl) phosphate;113282-36-3;ORPOQXOITLYFDK-UHFFFAOYSA-M;Bis(4-chloro-2,3-dimethylphenyl) phosphate;CC1=C(C)C(OP([O-])(=O)OC2=CC=C(Cl)C(C)=C2C)=CC=C1Cl;"InChI=1S/C16H17Cl2O4P/c1-9-11(3)15(7-5-13(9)17)21-23(19,20)22-16-8-6-14(18)10(2)12(16)4/h5-8H,1-4H3,(H,19,20)/p-1
";C16H16Cl2O4P;374.17;373.016875;5; ;;;Comptox similarity search to TPP;0.603773594
DTXSID60226289;Phosphoric acid, 2,5-dichloro-4-iodophenyl dimethyl ester;7533-78-0;NJEQSBGZSNTGJJ-UHFFFAOYSA-N;2,5-Dichloro-4-iodophenyl dimethyl phosphate;COP(=O)(OC)OC1=CC(Cl)=C(I)C=C1Cl;"InChI=1S/C8H8Cl2IO4P/c1-13-16(12,14-2)15-8-4-5(9)7(11)3-6(8)10/h3-4H,1-2H3
";C8H8Cl2IO4P;396.93;395.858200;4; ;;;Comptox similarity search to TPP;0.603773594
DTXSID60224725;Phosphoric acid, (2-butoxy-1-naphthyl) dibutyl ester;73972-73-3;PIHWTEAIJMIGNW-UHFFFAOYSA-N;2-Butoxynaphthalen-1-yl dibutyl phosphate;CCCCOC1=C(OP(=O)(OCCCC)OCCCC)C2=CC=CC=C2C=C1;"InChI=1S/C22H33O5P/c1-4-7-16-24-21-15-14-19-12-10-11-13-20(19)22(21)27-28(23,25-17-8-5-2)26-18-9-6-3/h10-15H,4-9,16-18H2,1-3H3
";C22H33O5P;408.475;408.206561;4; ;;;Comptox similarity search to TPP;0.603773594
DTXSID60816164;Bis(2,4-dichlorophenyl) 2-ethoxyethyl phosphate;61574-73-0;WFSLLNIVVYOLFV-UHFFFAOYSA-N;Bis(2,4-dichlorophenyl) 2-ethoxyethyl phosphate;CCOCCOP(=O)(OC1=C(Cl)C=C(Cl)C=C1)OC1=C(Cl)C=C(Cl)C=C1;"InChI=1S/C16H15Cl4O5P/c1-2-22-7-8-23-26(21,24-15-5-3-11(17)9-13(15)19)25-16-6-4-12(18)10-14(16)20/h3-6,9-10H,2,7-8H2,1H3
";C16H15Cl4O5P;460.06;457.941121;5; ;;;Comptox similarity search to TPP;0.603773594
